Newspaper,Guessed Homepage
Aberdeen Evening Express,https://www.aberdeenexpress.co.uk
Belfast Telegraph,https://www.belfasttelegraph.co.uk
Birmingham Mail,https://www.birminghammail.co.uk
Blackpool Gazette,https://www.blackpoolgazette.co.uk
Bristol Post,https://www.bristolpost.co.uk
Burton Mail,https://www.burtonmail.co.uk
Cambridge News,https://www.cambridgenews.co.uk
Colchester Gazette,https://www.colchestergazette.co.uk
Coventry Telegraph,https://www.coventrytelegraph.co.uk
"Daily Echo, Bournemouth",https://www.echobournemouth.co.uk
Daily Post,https://www.post.co.uk
Daily Record,https://www.record.co.uk
Derby Telegraph,https://www.derbytelegraph.co.uk
Dorset Echo,https://www.dorsetecho.co.uk
Dundee Courier,https://www.dundeecourier.co.uk
Dundee Evening Telegraph,https://www.dundeetelegraph.co.uk
East Anglian Daily Times,https://www.eastangliantimes.co.uk
Eastern Daily Press,https://www.easternpress.co.uk
Edinburgh Evening News,https://www.edinburghnews.co.uk
"Evening Gazette, Teesside",https://www.gazetteteesside.co.uk
"Express and Star, Wolverhampton",https://www.expressandstarwolverhampton.co.uk
Glasgow Evening Times,https://www.glasgowtimes.co.uk
Gloucester Citizen,https://www.gloucestercitizen.co.uk
Gloucestershire Echo,https://www.gloucestershireecho.co.uk
Greenock Telegraph,https://www.greenocktelegraph.co.uk
Grimsby Telegraph,https://www.grimsbytelegraph.co.uk
Guernsey Press and Star,https://www.guernseypressandstar.co.uk
Hartlepool Mail,https://www.hartlepoolmail.co.uk
Huddersfield Daily Examiner,https://www.huddersfieldexaminer.co.uk
Hull and East Riding Daily Mail,https://www.hullandeastridingmail.co.uk
Ipswich Star,https://www.ipswichstar.co.uk
Irish News,https://www.irishnews.co.uk
Jersey Evening Post,https://www.jerseypost.co.uk
Lancashire Evening Post,https://www.lancashirepost.co.uk
Lancashire Telegraph,https://www.lancashiretelegraph.co.uk
Leicester Mercury,https://www.leicestermercury.co.uk
Liverpool Echo,https://www.liverpoolecho.co.uk
Manchester Evening News,https://www.manchesternews.co.uk
Newcastle Chronicle,https://www.newcastlechronicle.co.uk
"News and Star, Carlisle",https://www.newsandstarcarlisle.co.uk
North West Evening Mail,https://www.northwestmail.co.uk
Norwich Evening News,https://www.norwichnews.co.uk
Nottingham Post,https://www.nottinghampost.co.uk
Oldham Evening Chronicle,https://www.oldhamchronicle.co.uk
Oxford Mail,https://www.oxfordmail.co.uk
Paisley Daily Express,https://www.paisleyexpress.co.uk
Shields Gazette,https://www.shieldsgazette.co.uk
Shropshire Star,https://www.shropshirestar.co.uk
South Wales Argus,https://www.southwalesargus.co.uk
South Wales Echo,https://www.southwalesecho.co.uk
South Wales Evening Post,https://www.southwalespost.co.uk
Southern Daily Echo,https://www.southernecho.co.uk
Sunderland Echo,https://www.sunderlandecho.co.uk
Swindon Advertiser,https://www.swindonadvertiser.co.uk
"Telegraph and Argus, Bradford",https://www.telegraphandargusbradford.co.uk
The Argus,https://www.argus.co.uk
The Bolton News,https://www.boltonnews.co.uk
"The Citizen, Gloucester",https://www.citizengloucester.co.uk
"The Echo, Basildon, Southend and Castle Point",https://www.echobasildonsouthendandcastlepoint.co.uk
"The Herald, Glasgow",https://www.heraldglasgow.co.uk
"The Herald, Plymouth",https://www.heraldplymouth.co.uk
"The Journal, Newcastle",https://www.journalnewcastle.co.uk
"The Leader, Wrexham",https://www.leaderwrexham.co.uk
"The News, Portsmouth",https://www.newsportsmouth.co.uk
The Northern Echo,https://www.northernecho.co.uk
"The Press, York",https://www.pressyork.co.uk
"The Press and Journal, Aberdeen",https://www.pressandjournalaberdeen.co.uk
The Scotsman,https://www.scotsman.co.uk
"The Sentinel, Staffordshire",https://www.sentinelstaffordshire.co.uk
"The Star, Sheffield",https://www.starsheffield.co.uk
Western Daily Press,https://www.westernpress.co.uk
Western Mail,https://www.westernmail.co.uk
Western Morning News,https://www.westernmorningnews.co.uk
Wigan Evening Post,https://www.wiganpost.co.uk
Worcester News,https://www.worcesternews.co.uk
Yorkshire Evening Post,https://www.yorkshirepost.co.uk
Yorkshire Post,https://www.yorkshirepost.co.uk
